{
  "total_cost": 0.036101999999999995,
  "total_duration": 120.775646,
  "phases": [
    {
      "phase": "Medication Analysis (LangChain)",
      "cost": 0.036101999999999995,
      "duration": 120.775646,
      "input_tokens": 1514,
      "output_tokens": 2104,
      "models_used": [
        "grok-4.3"
      ]
    }
  ],
  "most_expensive": [
    {
      "phase": "Medication Analysis (LangChain)",
      "cost": 0.036101999999999995,
      "duration": 120.775646,
      "input_tokens": 1514,
      "output_tokens": 2104,
      "models_used": [
        "grok-4.3"
      ]
    }
  ]
}